{
    "effects": {
        "sky_color": 0,
        "fog_color": 10518688,
        "water_color": 3832426,
        "water_fog_color": 5077600,
        "particle": {
            "options": {
                "type": "minecraft:mycelium"
            },
            "probability": 0.001
        }
    },
    "carvers": {},
    "features": [
        [],
        [],
        [],
        [],
        [],
        [],
        [],
        [],
        [],
        [],
        []
    ],
    "spawners": {
        "monster": [],
        "creature": [],
        "ambient": [],
        "axolotls": [],
        "underground_water_creature": [],
        "water_creature": [],
        "water_ambient": [],
        "misc": []
    },
    "spawn_costs": {},
    "has_precipitation": true,
    "temperature": 0.8,
    "downfall": 0.4
}